{
  "business_objective": {
    "name": "maximize_recall_at_min_precision",
    "target_class": "Churn",
    "min_precision": 0.6,
    "fallback": "maximize_f1"
  },
  "dataset": {
    "rows": 7032,
    "features": 21,
    "class_counts": {
      "no_churn": 5163,
      "churn": 1869
    }
  },
  "modeling": {
    "algorithm": "XGBoost + OneHotEncoder + Isotonic Regression Calibration + Engineered Features",
    "training_mode": "fixed_winner_config",
    "winner_source": "benchmark_report.json",
    "best_params": {
      "n_estimators": 100,
      "max_depth": 3,
      "learning_rate": 0.05,
      "subsample": 0.7,
      "colsample_bytree": 0.7,
      "min_child_weight": 1
    },
    "scale_pos_weight": 2.762541806020067
  },
  "evaluation": {
    "default_threshold": {
      "threshold": 0.5,
      "accuracy": 0.8002842928216063,
      "balanced_accuracy": 0.7531151156229454,
      "precision_churn": 0.6177215189873417,
      "recall_churn": 0.6524064171122995,
      "f1_churn": 0.6345903771131339,
      "roc_auc": 0.8402231701445868,
      "pr_auc": 0.6317406768136249,
      "confusion_matrix": [
        [
          882,
          151
        ],
        [
          130,
          244
        ]
      ]
    },
    "optimized_threshold": {
      "threshold": 0.37,
      "accuracy": 0.7938877043354655,
      "balanced_accuracy": 0.7521703568341003,
      "precision_churn": 0.6019417475728155,
      "recall_churn": 0.6631016042780749,
      "f1_churn": 0.6310432569974554,
      "roc_auc": 0.8402231701445868,
      "pr_auc": 0.6317406768136249,
      "confusion_matrix": [
        [
          869,
          164
        ],
        [
          126,
          248
        ]
      ]
    },
    "selected_threshold": 0.37,
    "threshold_scan": [
      {
        "threshold": 0.1,
        "precision": 0.3793466807165437,
        "recall": 0.9625668449197861,
        "f1": 0.54421768707483,
        "accuracy": 0.5714285714285714
      },
      {
        "threshold": 0.11,
        "precision": 0.4020618556701031,
        "recall": 0.9385026737967914,
        "f1": 0.5629510825982358,
        "accuracy": 0.6126510305614783
      },
      {
        "threshold": 0.12,
        "precision": 0.4020618556701031,
        "recall": 0.9385026737967914,
        "f1": 0.5629510825982358,
        "accuracy": 0.6126510305614783
      },
      {
        "threshold": 0.13,
        "precision": 0.4020618556701031,
        "recall": 0.9385026737967914,
        "f1": 0.5629510825982358,
        "accuracy": 0.6126510305614783
      },
      {
        "threshold": 0.14,
        "precision": 0.43346007604562736,
        "recall": 0.9144385026737968,
        "f1": 0.588134135855546,
        "accuracy": 0.6595593461265103
      },
      {
        "threshold": 0.15,
        "precision": 0.43346007604562736,
        "recall": 0.9144385026737968,
        "f1": 0.588134135855546,
        "accuracy": 0.6595593461265103
      },
      {
        "threshold": 0.16,
        "precision": 0.43346007604562736,
        "recall": 0.9144385026737968,
        "f1": 0.588134135855546,
        "accuracy": 0.6595593461265103
      },
      {
        "threshold": 0.17,
        "precision": 0.4359637774902975,
        "recall": 0.9010695187165776,
        "f1": 0.5876198779424586,
        "accuracy": 0.6638237384506042
      },
      {
        "threshold": 0.18,
        "precision": 0.437094682230869,
        "recall": 0.9010695187165776,
        "f1": 0.588646288209607,
        "accuracy": 0.6652452025586354
      },
      {
        "threshold": 0.19,
        "precision": 0.4389920424403183,
        "recall": 0.8850267379679144,
        "f1": 0.5868794326241135,
        "accuracy": 0.6687988628287136
      },
      {
        "threshold": 0.2,
        "precision": 0.5050505050505051,
        "recall": 0.8021390374331551,
        "f1": 0.6198347107438017,
        "accuracy": 0.738450604122246
      },
      {
        "threshold": 0.21,
        "precision": 0.5050505050505051,
        "recall": 0.8021390374331551,
        "f1": 0.6198347107438017,
        "accuracy": 0.738450604122246
      },
      {
        "threshold": 0.22,
        "precision": 0.5050505050505051,
        "recall": 0.8021390374331551,
        "f1": 0.6198347107438017,
        "accuracy": 0.738450604122246
      },
      {
        "threshold": 0.23,
        "precision": 0.5050505050505051,
        "recall": 0.8021390374331551,
        "f1": 0.6198347107438017,
        "accuracy": 0.738450604122246
      },
      {
        "threshold": 0.24,
        "precision": 0.5050505050505051,
        "recall": 0.8021390374331551,
        "f1": 0.6198347107438017,
        "accuracy": 0.738450604122246
      },
      {
        "threshold": 0.25,
        "precision": 0.5050505050505051,
        "recall": 0.8021390374331551,
        "f1": 0.6198347107438017,
        "accuracy": 0.738450604122246
      },
      {
        "threshold": 0.26,
        "precision": 0.5050505050505051,
        "recall": 0.8021390374331551,
        "f1": 0.6198347107438017,
        "accuracy": 0.738450604122246
      },
      {
        "threshold": 0.27,
        "precision": 0.5050505050505051,
        "recall": 0.8021390374331551,
        "f1": 0.6198347107438017,
        "accuracy": 0.738450604122246
      },
      {
        "threshold": 0.28,
        "precision": 0.5050505050505051,
        "recall": 0.8021390374331551,
        "f1": 0.6198347107438017,
        "accuracy": 0.738450604122246
      },
      {
        "threshold": 0.29,
        "precision": 0.5050505050505051,
        "recall": 0.8021390374331551,
        "f1": 0.6198347107438017,
        "accuracy": 0.738450604122246
      },
      {
        "threshold": 0.3,
        "precision": 0.5050505050505051,
        "recall": 0.8021390374331551,
        "f1": 0.6198347107438017,
        "accuracy": 0.738450604122246
      },
      {
        "threshold": 0.31,
        "precision": 0.5050505050505051,
        "recall": 0.8021390374331551,
        "f1": 0.6198347107438017,
        "accuracy": 0.738450604122246
      },
      {
        "threshold": 0.32,
        "precision": 0.5050505050505051,
        "recall": 0.8021390374331551,
        "f1": 0.6198347107438017,
        "accuracy": 0.738450604122246
      },
      {
        "threshold": 0.33,
        "precision": 0.5050505050505051,
        "recall": 0.8021390374331551,
        "f1": 0.6198347107438017,
        "accuracy": 0.738450604122246
      },
      {
        "threshold": 0.34,
        "precision": 0.5050505050505051,
        "recall": 0.8021390374331551,
        "f1": 0.6198347107438017,
        "accuracy": 0.738450604122246
      },
      {
        "threshold": 0.35,
        "precision": 0.5050505050505051,
        "recall": 0.8021390374331551,
        "f1": 0.6198347107438017,
        "accuracy": 0.738450604122246
      },
      {
        "threshold": 0.36,
        "precision": 0.5050505050505051,
        "recall": 0.8021390374331551,
        "f1": 0.6198347107438017,
        "accuracy": 0.738450604122246
      },
      {
        "threshold": 0.37,
        "precision": 0.6019417475728155,
        "recall": 0.6631016042780749,
        "f1": 0.6310432569974554,
        "accuracy": 0.7938877043354655
      },
      {
        "threshold": 0.38,
        "precision": 0.6161616161616161,
        "recall": 0.6524064171122995,
        "f1": 0.6337662337662338,
        "accuracy": 0.7995735607675906
      },
      {
        "threshold": 0.39,
        "precision": 0.6161616161616161,
        "recall": 0.6524064171122995,
        "f1": 0.6337662337662338,
        "accuracy": 0.7995735607675906
      },
      {
        "threshold": 0.4,
        "precision": 0.6161616161616161,
        "recall": 0.6524064171122995,
        "f1": 0.6337662337662338,
        "accuracy": 0.7995735607675906
      },
      {
        "threshold": 0.41,
        "precision": 0.6161616161616161,
        "recall": 0.6524064171122995,
        "f1": 0.6337662337662338,